                  epoch,         train/box_loss,         train/cls_loss,         train/dfl_loss,   metrics/precision(B),      metrics/recall(B),       metrics/mAP50(B),    metrics/mAP50-95(B),           val/box_loss,           val/cls_loss,           val/dfl_loss,                 lr/pg0,                 lr/pg1,                 lr/pg2
                      0,                 2.2045,                 2.0053,                 1.7148,                0.82279,                0.76151,                0.83088,                0.37492,                 1.8613,                 1.1288,                 1.4681,              0.0033085,              0.0033085,              0.0033085
                      1,                 1.9132,                 1.2643,                 1.4359,                0.84887,                 0.7844,                0.84064,                0.37953,                 1.8318,                  1.084,                 1.4048,              0.0066089,              0.0066089,              0.0066089
                      2,                 1.8702,                  1.206,                  1.384,                0.78703,                0.68903,                0.73732,                0.32875,                   1.94,                 1.2886,                 1.5052,              0.0098764,              0.0098764,              0.0098764
                      3,                 1.8845,                 1.2043,                 1.4025,                0.82087,                0.72684,                0.79408,                0.37279,                 1.9108,                 1.1201,                 1.4977,              0.0098515,              0.0098515,              0.0098515
                      4,                 1.8291,                  1.117,                 1.3728,                0.83755,                0.83414,                0.88448,                0.41745,                 1.7956,                 1.0076,                 1.3881,              0.0098515,              0.0098515,              0.0098515
                      5,                 1.7799,                 1.0601,                 1.3457,                0.86092,                0.82956,                 0.8933,                0.44944,                  1.753,                 0.8781,                 1.4111,               0.009802,               0.009802,               0.009802
                      6,                 1.7244,                 1.0099,                 1.3252,                0.89824,                0.86156,                0.90459,                0.45333,                 1.7727,                0.83049,                 1.4118,              0.0097525,              0.0097525,              0.0097525
                      7,                 1.6905,                0.96857,                 1.3034,                0.86826,                0.85563,                0.89321,                 0.4097,                 1.8012,                0.89842,                 1.3843,               0.009703,               0.009703,               0.009703
                      8,                 1.6505,                0.93412,                  1.283,                0.88451,                 0.8915,                0.91205,                0.45668,                 1.7014,                0.78825,                 1.3605,              0.0096535,              0.0096535,              0.0096535
                      9,                 1.6135,                0.90222,                 1.2665,                0.91693,                0.89268,                0.92474,                0.45782,                 1.7087,                0.74502,                 1.3706,               0.009604,               0.009604,               0.009604
                     10,                  1.578,                0.87096,                 1.2524,                0.92192,                0.87857,                0.92407,                 0.4927,                 1.6878,                0.75217,                  1.357,              0.0095545,              0.0095545,              0.0095545
                     11,                  1.539,                0.84501,                 1.2279,                0.91473,                0.89618,                0.92713,                0.48177,                 1.7194,                0.73752,                 1.3656,               0.009505,               0.009505,               0.009505
                     12,                 1.5176,                0.82296,                 1.2172,                 0.9008,                0.89138,                0.92092,                0.47762,                 1.7071,                0.69642,                 1.3724,              0.0094555,              0.0094555,              0.0094555
                     13,                 1.4906,                0.80328,                 1.1978,                0.91653,                0.91181,                0.93737,                0.48549,                 1.7263,                0.69541,                 1.3602,               0.009406,               0.009406,               0.009406
                     14,                 1.4589,                0.78591,                 1.1883,                0.92162,                0.90258,                0.93962,                0.48631,                 1.7132,                0.68208,                  1.367,              0.0093565,              0.0093565,              0.0093565
                     15,                 1.4301,                0.77453,                 1.1765,                0.91182,                0.89138,                0.92129,                0.48211,                 1.7219,                0.70179,                 1.3661,               0.009307,               0.009307,               0.009307
                     16,                 1.4159,                0.75857,                 1.1688,                0.91957,                0.90234,                0.93341,                 0.4957,                 1.6783,                0.67117,                 1.3634,              0.0092575,              0.0092575,              0.0092575
                     17,                 1.3837,                0.74195,                 1.1555,                0.93276,                0.91022,                0.94266,                0.49895,                 1.7006,                0.65172,                 1.3838,               0.009208,               0.009208,               0.009208
                     18,                 1.3637,                0.72175,                 1.1421,                0.91372,                0.89957,                  0.935,                0.49265,                 1.6933,                0.66087,                 1.3661,              0.0091585,              0.0091585,              0.0091585
                     19,                 1.3432,                0.71019,                 1.1365,                0.93046,                0.91358,                0.94867,                0.49785,                 1.7043,                0.64607,                 1.3761,               0.009109,               0.009109,               0.009109
                     20,                 1.3241,                 0.6987,                 1.1267,                0.90551,                0.91715,                0.92859,                0.49343,                 1.6874,                0.65696,                 1.3584,              0.0090595,              0.0090595,              0.0090595
                     21,                 1.3103,                0.69439,                 1.1233,                0.91067,                0.90914,                0.92495,                0.50127,                 1.6656,                0.64695,                  1.359,                0.00901,                0.00901,                0.00901
                     22,                 1.2991,                0.68514,                 1.1176,                0.92011,                0.91234,                0.94396,                0.49695,                 1.6626,                0.64389,                 1.3604,              0.0089605,              0.0089605,              0.0089605
                     23,                 1.2823,                0.67398,                 1.1082,                0.92361,                0.91696,                 0.9393,                0.50569,                 1.6579,                0.62892,                 1.3561,               0.008911,               0.008911,               0.008911
                     24,                 1.2695,                0.66153,                 1.1003,                0.93034,                0.91042,                0.94447,                0.52066,                 1.6329,                0.60824,                 1.3648,              0.0088615,              0.0088615,              0.0088615
                     25,                 1.2516,                0.66458,                 1.0978,                0.91949,                0.92423,                0.93767,                0.50853,                  1.664,                0.61429,                 1.3752,               0.008812,               0.008812,               0.008812
                     26,                 1.2483,                0.65607,                 1.0902,                0.92815,                0.92926,                0.94884,                0.51254,                 1.6587,                0.61136,                  1.384,              0.0087625,              0.0087625,              0.0087625
                     27,                 1.2255,                0.64645,                 1.0856,                0.93445,                0.91729,                0.93645,                0.51154,                  1.645,                0.61618,                 1.3855,               0.008713,               0.008713,               0.008713
                     28,                 1.2128,                0.63397,                 1.0783,                0.91336,                0.92894,                0.93395,                0.51215,                 1.6395,                0.61445,                 1.3622,              0.0086635,              0.0086635,              0.0086635
                     29,                 1.1942,                0.62638,                 1.0713,                0.92711,                0.92521,                0.94404,                0.51276,                 1.6577,                 0.6003,                 1.3688,               0.008614,               0.008614,               0.008614
                     30,                 1.1866,                0.62247,                 1.0665,                0.93116,                0.91946,                0.94138,                0.52875,                 1.5954,                0.60048,                 1.3401,              0.0085645,              0.0085645,              0.0085645
                     31,                 1.1732,                0.61647,                 1.0637,                0.91822,                0.93682,                0.94222,                0.51939,                 1.6185,                0.58824,                   1.36,               0.008515,               0.008515,               0.008515
                     32,                 1.1693,                  0.611,                 1.0571,                0.92436,                0.91462,                0.93358,                0.51996,                 1.6186,                0.58384,                 1.3524,              0.0084655,              0.0084655,              0.0084655
                     33,                 1.1573,                0.60513,                 1.0553,                0.92894,                0.92503,                0.94014,                0.51166,                 1.6343,                0.58878,                 1.3743,               0.008416,               0.008416,               0.008416
                     34,                 1.1415,                0.59682,                 1.0471,                0.93133,                0.90771,                0.94109,                0.52693,                  1.601,                0.58028,                 1.3488,              0.0083665,              0.0083665,              0.0083665
                     35,                 1.1365,                0.59686,                 1.0419,                0.93762,                 0.9059,                0.93952,                0.53417,                  1.606,                0.57673,                 1.3582,               0.008317,               0.008317,               0.008317
                     36,                 1.1239,                0.58436,                 1.0415,                0.92425,                0.91674,                0.93925,                0.53241,                 1.5873,                0.57099,                 1.3734,              0.0082675,              0.0082675,              0.0082675
                     37,                 1.1202,                0.58793,                 1.0416,                0.93653,                0.92042,                0.94785,                0.52765,                 1.5982,                0.58788,                 1.3304,               0.008218,               0.008218,               0.008218
                     38,                 1.1097,                0.57965,                  1.031,                0.93114,                0.92955,                0.94296,                0.52695,                 1.5792,                 0.5683,                 1.3395,              0.0081685,              0.0081685,              0.0081685
                     39,                 1.0951,                0.56992,                 1.0267,                0.93558,                0.92526,                0.94129,                0.53088,                 1.5882,                0.56601,                 1.3624,               0.008119,               0.008119,               0.008119
                     40,                 1.0918,                0.56996,                  1.033,                0.93254,                0.93525,                0.94367,                0.52743,                 1.5932,                0.56175,                 1.3434,              0.0080695,              0.0080695,              0.0080695
                     41,                  1.084,                0.56943,                 1.0289,                0.94195,                0.93076,                0.95093,                0.53296,                 1.5952,                0.56481,                 1.3615,                0.00802,                0.00802,                0.00802
                     42,                  1.079,                0.56409,                 1.0243,                0.94544,                0.92115,                0.94936,                0.53397,                  1.571,                0.55942,                 1.3386,              0.0079705,              0.0079705,              0.0079705
                     43,                 1.0663,                0.55801,                 1.0191,                0.93745,                0.92242,                0.94399,                0.53823,                 1.5644,                0.56549,                 1.3516,               0.007921,               0.007921,               0.007921
                     44,                 1.0689,                0.55524,                 1.0181,                0.95322,                0.92379,                0.94163,                0.54092,                 1.5532,                0.55678,                 1.3346,              0.0078715,              0.0078715,              0.0078715
                     45,                 1.0555,                0.55234,                 1.0156,                0.93965,                0.92592,                0.93987,                 0.5418,                  1.576,                 0.5585,                 1.3356,               0.007822,               0.007822,               0.007822
                     46,                 1.0505,                0.54867,                 1.0147,                0.93585,                0.92911,                0.94809,                0.54488,                 1.5653,                0.56061,                 1.3454,              0.0077725,              0.0077725,              0.0077725
                     47,                 1.0422,                0.54385,                 1.0104,                0.94585,                0.92127,                0.95197,                0.54216,                 1.5616,                0.56994,                 1.3389,               0.007723,               0.007723,               0.007723
                     48,                 1.0297,                0.53581,                 1.0027,                0.94277,                0.92585,                 0.9441,                0.54196,                  1.563,                0.55017,                 1.3492,              0.0076735,              0.0076735,              0.0076735
                     49,                 1.0345,                0.53679,                 1.0071,                0.94309,                0.94005,                0.94851,                0.54242,                 1.5476,                0.54965,                 1.3323,               0.007624,               0.007624,               0.007624
                     50,                 1.0116,                0.53156,                0.99873,                0.93177,                0.93253,                0.93975,                0.54776,                 1.5466,                0.54832,                 1.3369,              0.0075745,              0.0075745,              0.0075745
                     51,                 1.0137,                0.52987,                0.99907,                0.93667,                0.92645,                0.93576,                0.54117,                 1.5392,                0.54582,                 1.3357,               0.007525,               0.007525,               0.007525
                     52,                 1.0101,                0.52764,                0.99642,                 0.9369,                0.93297,                0.94491,                0.53686,                  1.544,                0.54365,                 1.3311,              0.0074755,              0.0074755,              0.0074755
                     53,                0.99708,                0.51919,                0.99517,                0.92735,                0.94174,                0.94841,                0.55144,                  1.542,                0.54466,                 1.3337,               0.007426,               0.007426,               0.007426
                     54,                0.99476,                0.51686,                0.99071,                0.94389,                0.93527,                0.94639,                0.54659,                 1.5311,                0.54387,                  1.328,              0.0073765,              0.0073765,              0.0073765
                     55,                0.98977,                0.52241,                0.99102,                0.92707,                0.92662,                0.94387,                0.55249,                 1.5117,                0.53535,                 1.3283,               0.007327,               0.007327,               0.007327
                     56,                0.98265,                0.51298,                0.98769,                  0.932,                0.92705,                0.94159,                0.54983,                 1.5171,                0.54209,                 1.3222,              0.0072775,              0.0072775,              0.0072775
                     57,                0.97999,                0.51052,                0.98639,                0.94706,                0.92378,                0.95411,                0.54984,                 1.5259,                 0.5428,                 1.3264,               0.007228,               0.007228,               0.007228
                     58,                0.97679,                 0.5113,                0.98579,                0.93377,                0.93882,                0.94374,                 0.5549,                 1.5135,                0.54265,                 1.3173,              0.0071785,              0.0071785,              0.0071785
                     59,                0.97324,                 0.5087,                0.98412,                0.92884,                0.93928,                0.94497,                0.55542,                 1.5151,                0.53438,                 1.3319,               0.007129,               0.007129,               0.007129
                     60,                0.97056,                0.50837,                0.98294,                0.93831,                0.91693,                0.93916,                0.54465,                 1.5172,                0.53768,                 1.3315,              0.0070795,              0.0070795,              0.0070795
                     61,                0.95704,                0.50014,                0.97723,                0.94776,                0.93526,                0.94587,                0.55535,                  1.503,                0.52432,                 1.3204,                0.00703,                0.00703,                0.00703
                     62,                0.96328,                 0.5038,                0.98324,                0.93637,                0.93369,                0.94963,                0.56316,                 1.4962,                0.52546,                 1.3097,              0.0069805,              0.0069805,              0.0069805
                     63,                0.94682,                0.49783,                0.97463,                0.94164,                0.93554,                0.95076,                0.56524,                 1.4871,                 0.5198,                 1.3112,               0.006931,               0.006931,               0.006931
                     64,                0.93754,                0.48985,                0.97123,                0.93715,                0.93262,                0.94933,                0.56814,                 1.4785,                 0.5209,                 1.3048,              0.0068815,              0.0068815,              0.0068815
                     65,                0.95031,                0.49556,                0.97774,                0.93723,                0.93517,                0.95013,                0.56479,                 1.4678,                0.51849,                 1.3006,               0.006832,               0.006832,               0.006832
                     66,                0.93447,                 0.4878,                0.97043,                0.93833,                0.94179,                0.94823,                0.56314,                 1.4836,                0.51746,                 1.3079,              0.0067825,              0.0067825,              0.0067825
                     67,                0.93467,                0.48986,                0.97238,                0.93377,                 0.9378,                0.94388,                0.56813,                 1.4787,                0.51626,                    1.3,               0.006733,               0.006733,               0.006733
                     68,                0.93053,                0.49046,                0.97098,                0.93742,                0.93062,                0.94709,                0.57018,                 1.4819,                0.51423,                 1.2981,              0.0066835,              0.0066835,              0.0066835
                     69,                0.92696,                0.48451,                0.96578,                0.93738,                0.93199,                0.94534,                0.57163,                 1.4803,                0.52041,                 1.3002,               0.006634,               0.006634,               0.006634
                     70,                0.91759,                0.48354,                 0.9648,                0.94245,                0.93289,                0.94243,                0.57462,                 1.4692,                0.51471,                 1.3102,              0.0065845,              0.0065845,              0.0065845
                     71,                0.91337,                0.47817,                0.96177,                0.93979,                0.94277,                0.94841,                0.56974,                 1.4746,                0.51121,                 1.3131,               0.006535,               0.006535,               0.006535
                     72,                0.91071,                 0.4765,                0.96253,                0.94077,                0.94439,                0.95149,                0.57401,                 1.4745,                0.51049,                 1.3045,              0.0064855,              0.0064855,              0.0064855
                     73,                0.91123,                0.47606,                0.96357,                 0.9415,                0.94425,                0.95238,                0.57468,                 1.4785,                 0.5183,                  1.315,               0.006436,               0.006436,               0.006436
                     74,                0.90565,                0.47514,                0.95754,                0.93888,                0.93987,                0.94751,                0.57395,                   1.47,                0.51721,                 1.3093,              0.0063865,              0.0063865,              0.0063865
                     75,                0.89846,                0.47106,                0.95882,                0.93615,                0.93534,                0.94642,                 0.5736,                 1.4652,                0.51372,                 1.3064,               0.006337,               0.006337,               0.006337
                     76,                0.89141,                0.46828,                0.95565,                0.93948,                0.93504,                0.95035,                0.57579,                 1.4624,                0.50893,                 1.3065,              0.0062875,              0.0062875,              0.0062875
                     77,                0.88582,                0.46502,                 0.9508,                0.94148,                0.92381,                0.94422,                0.57436,                  1.465,                 0.5113,                 1.3078,               0.006238,               0.006238,               0.006238
                     78,                0.87928,                0.46119,                0.94936,                0.94579,                0.93046,                0.94677,                0.57746,                 1.4506,                0.50896,                 1.2978,              0.0061885,              0.0061885,              0.0061885
                     79,                0.88219,                0.46634,                0.95549,                 0.9426,                0.92388,                0.94355,                0.57855,                 1.4491,                0.51264,                 1.3024,               0.006139,               0.006139,               0.006139
                     80,                0.86843,                0.45524,                0.94659,                0.93795,                0.92515,                0.94077,                0.57728,                   1.44,                0.51271,                 1.3012,              0.0060895,              0.0060895,              0.0060895
                     81,                 0.8734,                0.45715,                0.94746,                 0.9393,                0.92914,                0.94781,                0.58044,                 1.4401,                0.51203,                 1.2984,                0.00604,                0.00604,                0.00604
                     82,                0.86195,                0.45625,                0.94501,                0.93664,                0.93003,                0.94543,                0.58028,                 1.4397,                 0.5121,                 1.2951,              0.0059905,              0.0059905,              0.0059905
                     83,                0.86656,                0.45584,                 0.9455,                0.94189,                0.92636,                0.95165,                0.58349,                 1.4369,                0.50756,                 1.2902,               0.005941,               0.005941,               0.005941
                     84,                0.86532,                0.45567,                 0.9438,                0.94589,                0.93006,                0.95333,                0.58466,                 1.4315,                0.50392,                 1.2887,              0.0058915,              0.0058915,              0.0058915
                     85,                0.85809,                 0.4531,                0.94388,                0.94381,                0.92966,                0.95158,                0.58393,                  1.426,                 0.5069,                 1.2861,               0.005842,               0.005842,               0.005842
                     86,                0.85215,                0.45069,                0.94148,                0.94161,                0.92598,                0.94516,                0.58156,                 1.4304,                0.50543,                 1.2889,              0.0057925,              0.0057925,              0.0057925
                     87,                0.85443,                0.44805,                0.94323,                0.93807,                0.93427,                0.95041,                0.58173,                 1.4295,                0.50721,                 1.2889,               0.005743,               0.005743,               0.005743
                     88,                0.84856,                0.44911,                0.93909,                0.93394,                0.93537,                0.94638,                0.57982,                 1.4302,                0.50811,                 1.2917,              0.0056935,              0.0056935,              0.0056935
                     89,                0.84979,                0.44777,                0.94249,                0.93533,                0.93587,                0.94652,                 0.5796,                 1.4251,                0.50613,                 1.2906,               0.005644,               0.005644,               0.005644
                     90,                0.83518,                0.44079,                0.93684,                0.93381,                0.93653,                 0.9502,                0.58296,                 1.4286,                0.50551,                 1.2912,              0.0055945,              0.0055945,              0.0055945
                     91,                0.84352,                0.44432,                0.93856,                0.93514,                0.92514,                0.94757,                0.58401,                 1.4244,                0.50458,                 1.2925,               0.005545,               0.005545,               0.005545
                     92,                0.83478,                0.43871,                0.93477,                0.94344,                0.92262,                0.94712,                0.58393,                 1.4181,                 0.5003,                 1.2892,              0.0054955,              0.0054955,              0.0054955
                     93,                0.83215,                0.44004,                0.93439,                0.94204,                0.92464,                0.94857,                0.58351,                 1.4189,                0.49858,                   1.29,               0.005446,               0.005446,               0.005446
                     94,                0.83034,                0.43693,                0.93366,                0.93938,                 0.9263,                0.94359,                0.58604,                 1.4172,                0.49812,                  1.292,              0.0053965,              0.0053965,              0.0053965
                     95,                0.83009,                0.43749,                0.93693,                0.94472,                0.92846,                0.94838,                0.58374,                 1.4153,                0.49936,                 1.2915,               0.005347,               0.005347,               0.005347
                     96,                0.82744,                0.43542,                0.93456,                0.93277,                0.93751,                0.94973,                0.58483,                 1.4137,                0.49826,                 1.2903,              0.0052975,              0.0052975,              0.0052975
                     97,                0.81556,                0.43328,                0.93092,                0.93689,                0.93586,                   0.95,                0.58638,                  1.409,                0.49819,                 1.2889,               0.005248,               0.005248,               0.005248
                     98,                0.81039,                0.42712,                0.92725,                0.93129,                0.93866,                0.95037,                0.58702,                  1.407,                0.50001,                 1.2868,              0.0051985,              0.0051985,              0.0051985
                     99,                0.81033,                0.42964,                0.92774,                0.93261,                0.94252,                0.95108,                0.58749,                 1.4025,                0.50051,                  1.286,               0.005149,               0.005149,               0.005149
                    100,                0.81014,                0.42857,                0.93094,                0.93231,                0.94134,                0.95163,                0.58922,                 1.3969,                0.49878,                 1.2856,              0.0050995,              0.0050995,              0.0050995
                    101,                0.80558,                0.42707,                0.92851,                0.92409,                0.94471,                0.94912,                 0.5876,                 1.3949,                0.49917,                 1.2851,                0.00505,                0.00505,                0.00505
                    102,                0.79962,                0.42519,                0.92541,                0.92977,                0.94028,                0.95254,                0.59023,                 1.3919,                0.49979,                 1.2837,              0.0050005,              0.0050005,              0.0050005
                    103,                0.80471,                0.42452,                 0.9262,                0.93139,                0.94636,                0.95337,                0.59032,                 1.3888,                0.49965,                 1.2814,               0.004951,               0.004951,               0.004951
                    104,                0.80594,                0.42535,                0.92462,                0.93595,                0.94218,                0.95315,                0.59087,                 1.3892,                0.49955,                 1.2815,              0.0049015,              0.0049015,              0.0049015
                    105,                0.79308,                0.42127,                0.92316,                0.93516,                0.94134,                 0.9523,                0.59144,                 1.3878,                0.49974,                 1.2803,               0.004852,               0.004852,               0.004852
                    106,                0.79015,                 0.4183,                0.92151,                0.93426,                0.93959,                0.95207,                0.59058,                 1.3901,                0.50067,                 1.2803,              0.0048025,              0.0048025,              0.0048025
                    107,                 0.7836,                0.41358,                 0.9194,                0.93954,                0.93726,                0.95012,                0.59164,                 1.3911,                 0.4987,                 1.2817,               0.004753,               0.004753,               0.004753
                    108,                0.78919,                0.41533,                0.92127,                0.93916,                0.93692,                0.95229,                0.59483,                 1.3887,                0.49717,                  1.282,              0.0047035,              0.0047035,              0.0047035
                    109,                0.78643,                  0.416,                0.91987,                0.93972,                0.94137,                0.95333,                0.59359,                 1.3868,                0.49774,                   1.28,               0.004654,               0.004654,               0.004654
                    110,                0.77599,                0.41519,                0.91907,                0.94151,                0.94135,                0.95384,                 0.5925,                 1.3872,                0.49728,                 1.2828,              0.0046045,              0.0046045,              0.0046045
                    111,                0.77053,                 0.4127,                0.91666,                0.94156,                0.93973,                0.95402,                0.59217,                 1.3844,                0.49794,                 1.2808,               0.004555,               0.004555,               0.004555
                    112,                0.77988,                0.41207,                0.91773,                0.94287,                0.93782,                0.95161,                0.59083,                  1.383,                0.49644,                 1.2796,              0.0045055,              0.0045055,              0.0045055
                    113,                0.77252,                0.41257,                0.91539,                0.93746,                0.94219,                 0.9504,                0.59222,                 1.3818,                0.49547,                 1.2807,               0.004456,               0.004456,               0.004456
                    114,                0.76421,                0.40546,                0.91313,                 0.9389,                0.94149,                0.95009,                0.59474,                 1.3797,                0.49439,                 1.2795,              0.0044065,              0.0044065,              0.0044065
                    115,                0.76672,                0.40775,                0.91444,                0.94023,                0.94587,                 0.9527,                0.59598,                  1.377,                0.49393,                  1.277,               0.004357,               0.004357,               0.004357
                    116,                 0.7617,                0.40453,                0.91249,                0.94103,                0.94587,                0.95189,                 0.5948,                 1.3753,                0.49211,                 1.2761,              0.0043075,              0.0043075,              0.0043075
                    117,                0.75496,                0.40062,                0.91143,                 0.9402,                0.94503,                0.95154,                0.59431,                 1.3747,                0.49232,                 1.2765,               0.004258,               0.004258,               0.004258
                    118,                0.75315,                0.40053,                 0.9112,                0.94007,                0.94503,                0.95005,                0.59578,                 1.3745,                 0.4926,                 1.2768,              0.0042085,              0.0042085,              0.0042085
                    119,                0.75312,                0.40438,                0.91208,                0.93559,                0.94134,                 0.9466,                0.59598,                 1.3743,                0.49315,                 1.2776,               0.004159,               0.004159,               0.004159
                    120,                0.74559,                0.39801,                0.90647,                0.93739,                0.94303,                0.94778,                0.59703,                 1.3738,                0.49345,                 1.2785,              0.0041095,              0.0041095,              0.0041095
                    121,                0.74673,                0.39937,                0.90658,                0.93721,                 0.9406,                0.94678,                0.59615,                 1.3723,                0.49389,                 1.2779,                0.00406,                0.00406,                0.00406
                    122,                0.75409,                0.39943,                  0.912,                0.93645,                0.94063,                0.94617,                 0.5965,                 1.3712,                0.49497,                 1.2776,              0.0040105,              0.0040105,              0.0040105
                    123,                 0.7401,                 0.3937,                0.90523,                0.93719,                0.94134,                0.94627,                0.59694,                 1.3692,                0.49397,                 1.2766,               0.003961,               0.003961,               0.003961
                    124,                 0.7393,                0.39502,                0.90881,                0.93717,                0.94134,                0.94605,                0.59583,                 1.3682,                0.49334,                 1.2763,              0.0039115,              0.0039115,              0.0039115
                    125,                0.73978,                 0.3932,                0.90682,                0.93632,                 0.9405,                0.94578,                0.59507,                  1.367,                0.49145,                 1.2761,               0.003862,               0.003862,               0.003862
                    126,                0.72984,                0.39122,                0.90551,                0.93711,                0.94067,                0.94602,                0.59534,                 1.3666,                0.49213,                 1.2761,              0.0038125,              0.0038125,              0.0038125
                    127,                0.72988,                0.38949,                0.90343,                0.93309,                0.94338,                0.94601,                  0.595,                 1.3659,                0.49249,                  1.276,               0.003763,               0.003763,               0.003763
                    128,                 0.7306,                0.39208,                 0.9037,                0.93541,                0.94141,                0.94621,                 0.5954,                 1.3646,                0.49265,                 1.2757,              0.0037135,              0.0037135,              0.0037135
                    129,                0.72324,                0.38669,                0.90232,                 0.9353,                0.94148,                0.94453,                0.59644,                 1.3646,                0.49201,                 1.2759,               0.003664,               0.003664,               0.003664
                    130,                0.72084,                0.38479,                0.90206,                0.93477,                0.94063,                  0.944,                0.59743,                 1.3626,                0.49146,                 1.2749,              0.0036145,              0.0036145,              0.0036145
                    131,                0.71866,                 0.3837,                0.89865,                0.93637,                0.93859,                 0.9447,                0.59697,                 1.3623,                0.49123,                 1.2752,               0.003565,               0.003565,               0.003565
                    132,                0.71799,                0.38624,                0.89984,                0.93802,                0.93517,                 0.9446,                0.59693,                 1.3618,                0.49053,                 1.2756,              0.0035155,              0.0035155,              0.0035155
                    133,                0.71217,                0.38133,                0.89791,                0.93801,                0.93522,                 0.9447,                0.59682,                 1.3603,                0.49103,                 1.2747,               0.003466,               0.003466,               0.003466
                    134,                0.70955,                  0.378,                0.89679,                  0.938,                0.93519,                 0.9449,                0.59705,                 1.3595,                0.49153,                 1.2745,              0.0034165,              0.0034165,              0.0034165
                    135,                0.70712,                0.37967,                0.89883,                0.93884,                0.93601,                 0.9473,                0.59692,                 1.3585,                0.49177,                  1.274,               0.003367,               0.003367,               0.003367
                    136,                0.70929,                0.38072,                0.89684,                0.94177,                 0.9343,                 0.9472,                0.59762,                  1.357,                0.49033,                 1.2737,              0.0033175,              0.0033175,              0.0033175
                    137,                0.70845,                0.37837,                0.89667,                0.94176,                 0.9343,                0.94867,                0.59898,                 1.3556,                0.48977,                 1.2729,               0.003268,               0.003268,               0.003268
                    138,                0.70022,                0.37407,                0.89547,                0.94266,                 0.9343,                0.94887,                0.59804,                 1.3542,                0.48958,                 1.2727,              0.0032185,              0.0032185,              0.0032185
                    139,                 0.7012,                0.37605,                0.89524,                0.94266,                 0.9343,                0.94928,                0.59955,                 1.3534,                0.48994,                 1.2725,               0.003169,               0.003169,               0.003169
                    140,                0.69496,                0.37284,                0.89354,                0.94182,                0.93346,                0.94798,                0.59859,                 1.3527,                0.49042,                 1.2722,              0.0031195,              0.0031195,              0.0031195
                    141,                0.69361,                0.37201,                0.89158,                0.94189,                0.93346,                0.94797,                0.59898,                  1.352,                0.49012,                 1.2721,                0.00307,                0.00307,                0.00307
                    142,                 0.6862,                0.37179,                 0.8912,                0.94104,                0.93348,                0.94873,                0.59861,                 1.3507,                0.49093,                 1.2717,              0.0030205,              0.0030205,              0.0030205
                    143,                 0.6862,                0.36877,                0.88994,                0.94008,                0.93262,                  0.949,                0.59975,                 1.3503,                0.49055,                 1.2719,               0.002971,               0.002971,               0.002971
                    144,                0.68681,                0.37023,                0.88847,                0.93398,                0.94418,                0.95131,                0.60026,                 1.3491,                0.48981,                  1.272,              0.0029215,              0.0029215,              0.0029215
                    145,                0.68571,                0.36921,                0.88948,                0.94425,                 0.9343,                0.95118,                0.60073,                 1.3486,                0.48981,                 1.2716,               0.002872,               0.002872,               0.002872
                    146,                0.67722,                0.36318,                 0.8877,                0.93405,                0.94503,                0.95134,                0.60129,                 1.3478,                 0.4898,                 1.2715,              0.0028225,              0.0028225,              0.0028225
                    147,                0.67543,                0.36476,                0.88704,                0.93414,                0.94503,                0.95123,                0.60177,                 1.3467,                0.49072,                 1.2711,               0.002773,               0.002773,               0.002773
                    148,                0.67193,                0.36306,                0.88599,                0.93657,                0.94755,                0.95219,                0.60191,                 1.3457,                0.49019,                  1.271,              0.0027235,              0.0027235,              0.0027235
                    149,                0.67664,                0.36148,                0.88656,                0.93566,                0.94671,                0.95159,                0.60168,                 1.3445,                0.49102,                 1.2703,               0.002674,               0.002674,               0.002674
                    150,                0.66933,                0.36223,                0.88646,                0.93571,                0.94671,                0.95166,                0.60245,                 1.3441,                 0.4914,                 1.2702,              0.0026245,              0.0026245,              0.0026245
                    151,                0.66881,                0.36038,                0.88491,                0.93571,                0.94599,                0.95162,                0.60275,                 1.3429,                0.49146,                   1.27,               0.002575,               0.002575,               0.002575
                    152,                0.66111,                0.35609,                0.88197,                0.93566,                0.94587,                0.95176,                0.60246,                 1.3421,                 0.4908,                 1.2697,              0.0025255,              0.0025255,              0.0025255
                    153,                0.66325,                0.35725,                0.88423,                0.94497,                0.93682,                0.95129,                0.60328,                 1.3408,                0.49076,                 1.2698,               0.002476,               0.002476,               0.002476
                    154,                0.65983,                0.35788,                  0.884,                0.94418,                0.93766,                0.95176,                0.60411,                 1.3398,                0.49117,                 1.2695,              0.0024265,              0.0024265,              0.0024265
                    155,                0.65064,                0.35257,                0.88084,                0.94407,                0.93682,                0.95156,                0.60479,                 1.3394,                0.49146,                 1.2696,               0.002377,               0.002377,               0.002377
                    156,                0.65345,                 0.3536,                0.88144,                0.94723,                0.93482,                0.95159,                0.60568,                 1.3385,                0.49211,                 1.2697,              0.0023275,              0.0023275,              0.0023275
                    157,                0.65366,                0.35333,                 0.8818,                0.94637,                0.93398,                0.95186,                0.60629,                 1.3375,                0.49136,                 1.2695,               0.002278,               0.002278,               0.002278
                    158,                0.64857,                0.35145,                0.88286,                0.93575,                0.94587,                0.95181,                0.60632,                 1.3375,                0.49182,                 1.2697,              0.0022285,              0.0022285,              0.0022285
                    159,                0.64964,                0.35274,                0.88142,                0.93574,                0.94327,                0.95185,                0.60656,                  1.336,                 0.4922,                 1.2698,               0.002179,               0.002179,               0.002179
                    160,                0.64121,                0.34849,                0.87901,                 0.9357,                0.94318,                0.95185,                0.60777,                 1.3354,                0.49127,                 1.2698,              0.0021295,              0.0021295,              0.0021295
                    161,                0.64113,                0.34908,                0.87941,                 0.9406,                0.94131,                0.95184,                0.60808,                 1.3349,                0.49182,                 1.2697,                0.00208,                0.00208,                0.00208
                    162,                0.63598,                0.34512,                0.87651,                0.94643,                0.93398,                0.95194,                0.60813,                 1.3338,                0.49186,                 1.2694,              0.0020305,              0.0020305,              0.0020305
                    163,                0.63752,                0.34803,                0.87735,                0.94645,                0.93398,                0.95186,                0.60657,                 1.3331,                0.49154,                 1.2693,               0.001981,               0.001981,               0.001981
                    164,                0.63969,                0.34772,                 0.8793,                0.94676,                0.93417,                0.95191,                0.60697,                 1.3326,                0.49144,                 1.2693,              0.0019315,              0.0019315,              0.0019315
                    165,                0.63286,                0.34203,                0.87408,                0.93981,                0.94066,                0.95202,                0.60851,                 1.3317,                0.49158,                 1.2691,               0.001882,               0.001882,               0.001882
                    166,                0.62834,                0.34262,                0.87527,                0.94672,                0.93422,                0.95203,                 0.6094,                 1.3303,                0.49172,                 1.2685,              0.0018325,              0.0018325,              0.0018325
                    167,                0.62966,                0.34227,                0.87615,                0.93892,                0.94314,                0.95221,                0.60964,                 1.3292,                0.49102,                 1.2685,               0.001783,               0.001783,               0.001783
                    168,                0.62565,                0.34093,                0.87406,                0.93729,                0.94479,                0.95232,                0.60915,                  1.329,                0.49067,                 1.2681,              0.0017335,              0.0017335,              0.0017335
                    169,                0.62001,                0.33804,                0.87201,                0.94755,                0.93509,                0.95225,                0.60971,                 1.3282,                0.49129,                  1.268,               0.001684,               0.001684,               0.001684
                    170,                0.62413,                0.33838,                0.87394,                0.94842,                0.93591,                0.95309,                0.60964,                 1.3272,                0.49094,                 1.2675,              0.0016345,              0.0016345,              0.0016345
                    171,                 0.6146,                0.33687,                  0.872,                0.94837,                0.93592,                0.95304,                0.61014,                 1.3266,                0.49071,                 1.2678,               0.001585,               0.001585,               0.001585
                    172,                 0.6213,                 0.3381,                 0.8731,                0.94838,                0.93591,                0.95327,                 0.6104,                 1.3264,                0.49122,                 1.2676,              0.0015355,              0.0015355,              0.0015355
                    173,                0.61072,                0.33447,                0.87106,                0.93818,                0.94555,                0.95278,                0.60989,                 1.3256,                0.49108,                 1.2676,               0.001486,               0.001486,               0.001486
                    174,                0.60859,                0.33405,                0.87019,                0.93819,                0.94558,                 0.9534,                0.61048,                 1.3255,                0.49081,                 1.2676,              0.0014365,              0.0014365,              0.0014365
                    175,                0.60516,                0.33102,                0.86814,                0.93816,                0.94562,                0.95344,                0.61109,                 1.3249,                0.49105,                 1.2674,               0.001387,               0.001387,               0.001387
                    176,                0.60731,                0.33366,                0.87042,                0.93897,                0.94648,                0.95457,                0.61066,                 1.3236,                 0.4903,                 1.2669,              0.0013375,              0.0013375,              0.0013375
                    177,                0.60185,                 0.3308,                0.87035,                0.93901,                0.94645,                0.95376,                0.61067,                 1.3229,                0.49028,                 1.2668,               0.001288,               0.001288,               0.001288
                    178,                0.60071,                 0.3286,                0.86827,                0.93814,                0.94568,                0.95363,                0.61136,                 1.3224,                 0.4908,                 1.2669,              0.0012385,              0.0012385,              0.0012385
                    179,                0.59144,                0.32675,                0.86549,                0.93736,                0.94479,                0.95297,                0.61163,                 1.3216,                0.49041,                 1.2667,               0.001189,               0.001189,               0.001189
                    180,                0.59198,                0.32584,                 0.8664,                0.93877,                0.94476,                0.95373,                0.61199,                 1.3204,                0.49094,                  1.266,              0.0011395,              0.0011395,              0.0011395
                    181,                 0.5962,                 0.3271,                0.86435,                0.93816,                0.94486,                0.95371,                0.61138,                 1.3206,                0.49079,                 1.2659,                0.00109,                0.00109,                0.00109
                    182,                0.58989,                0.32479,                 0.8643,                0.93734,                0.94413,                0.95186,                0.61243,                 1.3197,                 0.4902,                 1.2661,              0.0010405,              0.0010405,              0.0010405
                    183,                0.58898,                0.32375,                0.86297,                0.93728,                0.94341,                 0.9519,                0.61201,                 1.3188,                0.49066,                 1.2662,               0.000991,               0.000991,               0.000991
                    184,                0.58262,                0.32152,                0.86259,                0.93727,                0.94336,                0.95208,                0.61246,                 1.3185,                0.49114,                 1.2659,              0.0009415,              0.0009415,              0.0009415
                    185,                0.58747,                 0.3222,                0.86485,                0.93736,                0.94497,                0.95169,                0.61293,                 1.3176,                0.49097,                 1.2656,               0.000892,               0.000892,               0.000892
                    186,                0.57658,                0.31926,                0.86327,                0.93721,                0.94411,                0.95199,                 0.6123,                 1.3169,                0.49026,                  1.266,              0.0008425,              0.0008425,              0.0008425
                    187,                0.57718,                0.31945,                0.86092,                0.93726,                0.94309,                0.95203,                0.61394,                  1.317,                0.48965,                 1.2666,               0.000793,               0.000793,               0.000793
                    188,                0.57738,                0.32052,                0.86314,                0.93797,                0.94237,                0.95215,                0.61446,                 1.3153,                0.49076,                 1.2662,              0.0007435,              0.0007435,              0.0007435
                    189,                 0.5759,                0.31911,                0.86151,                0.93802,                0.94406,                0.95211,                0.61443,                 1.3144,                0.49026,                  1.266,               0.000694,               0.000694,               0.000694
                    190,                0.52928,                0.28204,                0.84749,                0.93804,                0.94408,                 0.9522,                 0.6148,                 1.3136,                0.49095,                 1.2661,              0.0006445,              0.0006445,              0.0006445
                    191,                0.50638,                0.27318,                0.83924,                0.93728,                0.94411,                0.95223,                 0.6153,                 1.3126,                0.49067,                 1.2656,               0.000595,               0.000595,               0.000595
                    192,                0.50067,                0.27063,                0.83968,                0.93796,                 0.9423,                0.95225,                0.61544,                 1.3115,                0.49142,                 1.2656,              0.0005455,              0.0005455,              0.0005455
                    193,                0.49471,                0.26892,                0.83752,                0.93885,                0.93978,                 0.9509,                0.61565,                 1.3109,                0.49171,                 1.2658,               0.000496,               0.000496,               0.000496
                    194,                0.48909,                0.26608,                0.83597,                 0.9413,                0.94065,                0.95218,                0.61619,                 1.3098,                0.49127,                 1.2657,              0.0004465,              0.0004465,              0.0004465
                    195,                0.48685,                0.26476,                0.83598,                0.94138,                0.94062,                0.95229,                0.61618,                 1.3097,                0.49211,                  1.266,               0.000397,               0.000397,               0.000397
                    196,                0.48452,                0.26431,                0.83669,                 0.9423,                0.93975,                 0.9523,                0.61584,                 1.3087,                0.49215,                 1.2659,              0.0003475,              0.0003475,              0.0003475
                    197,                0.48164,                0.26184,                0.83618,                 0.9431,                0.94062,                0.95261,                0.61666,                  1.308,                0.49253,                 1.2661,               0.000298,               0.000298,               0.000298
                    198,                0.48198,                 0.2621,                0.83542,                0.94393,                0.94144,                0.95469,                0.61736,                 1.3074,                0.49275,                 1.2663,              0.0002485,              0.0002485,              0.0002485
                    199,                0.47502,                 0.2593,                0.83417,                0.94309,                0.94137,                0.95402,                0.61731,                 1.3059,                0.49162,                 1.2661,               0.000199,               0.000199,               0.000199
